sample_id,side_or_trapnum,watershed,date,dipteran_large,terrestrial_large,caddisfly_large,mayfly_large,stonefly_large,other_large,dipteran_small,terrestrial_small,caddisfly_small,other_small
ST200881,A,1,2020-08-17,NA,NA,NA,NA,NA,11,7,NA,NA,2
ST200882,A,1,2020-08-17,NA,NA,NA,NA,NA,4,1,NA,NA,1
ST200883,A,1,2020-08-17,NA,1,NA,NA,NA,9,9,2,NA,5
ST200884,A,1,2020-08-17,1,NA,NA,NA,1,10,7,4,NA,11
ST200885,A,1,2020-08-17,2,1,NA,NA,NA,21,9,1,NA,3
ST200921,A,1,2020-08-24,NA,1,NA,NA,NA,3,10,NA,NA,4
ST200922,A,1,2020-08-24,NA,1,1,NA,NA,10,6,2,NA,6
ST200923,A,1,2020-08-24,NA,NA,NA,NA,NA,6,5,NA,NA,3
ST200924,A,1,2020-08-24,1,2,NA,NA,NA,10,6,NA,NA,8
ST200925,A,1,2020-08-24,NA,NA,NA,NA,NA,8,11,NA,NA,11
ST200961,A,1,2020-08-31,1,1,NA,NA,NA,NA,7,3,NA,3
ST200962,A,1,2020-08-31,1,1,NA,NA,NA,NA,16,NA,NA,14
ST200963,A,1,2020-08-31,2,NA,NA,NA,NA,1,4,1,NA,7
ST200964,A,1,2020-08-31,NA,1,NA,NA,NA,1,6,3,NA,8
ST200965,A,1,2020-08-31,2,2,NA,NA,NA,1,7,NA,NA,7
ST201001,A,1,2020-09-08,NA,NA,NA,NA,NA,1,3,1,NA,5
ST201002,A,1,2020-09-08,NA,NA,NA,NA,NA,1,4,2,NA,9
ST201003,A,1,2020-09-08,1,NA,NA,NA,NA,1,2,1,NA,10
ST201004,A,1,2020-09-08,2,1,NA,NA,NA,NA,8,NA,NA,13
ST201005,A,1,2020-09-08,NA,NA,NA,NA,NA,1,1,NA,NA,16
ST201041,A,1,2020-09-14,NA,NA,NA,NA,NA,NA,3,NA,NA,6
ST201042,A,1,2020-09-14,NA,NA,NA,NA,NA,1,2,1,NA,6
ST201043,A,1,2020-09-14,NA,NA,NA,NA,NA,NA,4,1,NA,5
ST201044,A,1,2020-09-14,NA,NA,NA,NA,NA,NA,2,NA,NA,9
ST201045,A,1,2020-09-14,NA,NA,NA,NA,NA,NA,NA,NA,NA,10
ST201081,A,1,2020-09-21,NA,1,NA,NA,NA,NA,1,NA,NA,3
ST201082,A,1,2020-09-21,NA,NA,NA,NA,NA,NA,5,2,NA,8
ST201083,A,1,2020-09-21,NA,NA,NA,NA,NA,NA,2,1,NA,NA
ST201084,A,1,2020-09-21,NA,NA,NA,NA,NA,NA,2,1,NA,NA
ST201085,A,1,2020-09-21,2,NA,NA,NA,NA,2,2,1,NA,3
ST201121,A,1,2020-09-28,NA,NA,NA,NA,NA,NA,8,1,NA,10
ST201122,A,1,2020-09-28,1,NA,NA,NA,NA,1,2,NA,NA,13
ST201123,A,1,2020-09-28,NA,NA,NA,NA,NA,1,7,2,NA,9
ST201124,A,1,2020-09-28,NA,NA,NA,NA,NA,NA,1,1,NA,9
ST201125,A,1,2020-09-28,1,NA,NA,NA,NA,NA,NA,1,NA,5
ST201161,A,1,2020-10-05,2,1,NA,NA,NA,1,8,4,NA,4
ST201162,A,1,2020-10-05,NA,NA,NA,NA,NA,NA,4,1,NA,1
ST201163,A,1,2020-10-05,2,NA,NA,NA,NA,NA,5,3,NA,3
ST201164,A,1,2020-10-05,1,NA,NA,NA,NA,NA,2,4,NA,4
ST201165,A,1,2020-10-05,1,NA,NA,NA,NA,NA,8,1,NA,2
ST201201,A,1,2020-10-12,NA,1,NA,NA,NA,NA,5,4,NA,NA
ST201202,A,1,2020-10-12,2,NA,NA,NA,NA,NA,3,10,NA,3
ST201203,A,1,2020-10-12,2,NA,NA,NA,NA,NA,8,6,NA,7
ST201204,A,1,2020-10-12,1,NA,NA,NA,NA,1,3,2,NA,NA
ST201205,A,1,2020-10-12,1,NA,NA,NA,NA,2,2,4,NA,2
ST201241,A,1,2020-10-19,NA,NA,NA,NA,NA,NA,2,3,NA,3
ST201242,A,1,2020-10-19,3,NA,NA,NA,NA,NA,4,5,NA,6
ST201243,A,1,2020-10-19,1,NA,NA,NA,NA,NA,3,7,NA,1
ST201244,A,1,2020-10-19,2,NA,NA,NA,NA,1,1,3,NA,3
ST201245,A,1,2020-10-19,NA,NA,NA,NA,NA,NA,4,2,NA,1
ST201281,A,1,2020-10-26,5,1,NA,NA,NA,NA,40,20,NA,10
ST201282,A,1,2020-10-26,2,NA,NA,NA,NA,NA,4,5,1,7
ST201283,A,1,2020-10-26,1,NA,NA,NA,NA,NA,5,3,NA,NA
ST201284,A,1,2020-10-26,1,1,1,NA,NA,NA,13,10,NA,7
ST201285,A,1,2020-10-26,2,2,NA,NA,NA,NA,4,3,NA,4
ST201321,A,1,2020-11-02,NA,NA,NA,NA,NA,NA,2,NA,NA,NA
ST201322,A,1,2020-11-02,NA,NA,NA,NA,NA,NA,4,NA,NA,NA
ST201323,A,1,2020-11-02,4,NA,NA,NA,NA,NA,5,NA,NA,NA
ST201324,A,1,2020-11-02,3,NA,NA,NA,NA,NA,5,NA,NA,2
ST201325,A,1,2020-11-02,1,NA,NA,NA,NA,NA,5,NA,NA,NA
ST201361,A,1,2020-11-09,NA,1,NA,NA,NA,NA,15,10,NA,2
ST201401,A,1,2020-11-16,NA,NA,NA,NA,NA,NA,1,4,NA,4
ST201441,A,1,2020-11-22,NA,NA,NA,NA,NA,NA,1,1,NA,NA
ST201481,A,1,2020-11-30,3,NA,NA,NA,NA,NA,4,NA,NA,NA
ST201561,A,1,2020-12-14,1,NA,NA,NA,NA,NA,NA,NA,NA,NA
ST210121,A,1,2021-04-05,NA,1,NA,NA,NA,NA,NA,NA,NA,NA
ST210161,A,1,2021-04-12,2,1,NA,NA,NA,1,2,NA,NA,17
ST210522,A,1,2021-06-15,NA,NA,NA,NA,NA,2,11,4,NA,16
ST210523,A,1,2021-06-15,NA,NA,5,NA,NA,4,30,2,NA,9
ST210524,A,1,2021-06-15,NA,NA,NA,NA,NA,1,4,NA,NA,8
ST210525,A,1,2021-06-15,3,1,6,NA,NA,2,23,1,NA,16
ST210561,A,1,2021-06-21,NA,NA,2,NA,2,3,23,2,NA,10
ST210562,A,1,2021-06-21,1,NA,5,NA,NA,2,23,5,2,5
ST210563,A,1,2021-06-21,NA,1,NA,NA,NA,3,35,NA,1,3
ST210564,A,1,2021-06-21,2,NA,NA,NA,2,NA,21,4,NA,15
ST210565,A,1,2021-06-21,1,1,1,NA,NA,1,12,1,NA,9
ST200881,B,1,2020-08-17,NA,NA,NA,NA,NA,4,2,3,NA,NA
ST200882,B,1,2020-08-17,1,3,NA,NA,NA,6,11,3,NA,6
ST200883,B,1,2020-08-17,1,NA,NA,NA,NA,1,3,NA,NA,5
ST200884,B,1,2020-08-17,NA,1,NA,NA,NA,5,8,2,NA,5
ST200885,B,1,2020-08-17,NA,NA,NA,NA,NA,2,3,4,NA,3
ST200921,B,1,2020-08-24,2,2,NA,NA,NA,NA,7,2,NA,6
ST200922,B,1,2020-08-24,NA,NA,NA,NA,NA,3,5,2,NA,5
ST200923,B,1,2020-08-24,1,1,NA,NA,NA,1,4,3,NA,4
ST200924,B,1,2020-08-24,NA,NA,1,NA,NA,1,8,1,NA,2
ST200925,B,1,2020-08-24,NA,NA,NA,NA,NA,NA,9,4,NA,5
ST200961,B,1,2020-08-31,NA,2,NA,NA,NA,2,1,NA,NA,6
ST200962,B,1,2020-08-31,NA,1,NA,NA,NA,3,7,NA,NA,10
ST200963,B,1,2020-08-31,1,NA,NA,NA,NA,1,6,1,NA,4
ST200964,B,1,2020-08-31,2,NA,NA,NA,NA,2,10,NA,NA,6
ST200965,B,1,2020-08-31,NA,NA,NA,NA,NA,2,11,2,NA,9
ST201001,B,1,2020-09-08,NA,3,NA,NA,NA,NA,6,1,NA,12
ST201002,B,1,2020-09-08,2,NA,NA,NA,NA,2,7,1,NA,13
ST201003,B,1,2020-09-08,NA,1,NA,NA,NA,2,11,NA,NA,16
ST201004,B,1,2020-09-08,NA,1,NA,NA,NA,NA,6,3,NA,7
ST201005,B,1,2020-09-08,NA,NA,NA,NA,NA,NA,1,2,NA,8
ST201041,B,1,2020-09-14,NA,NA,NA,NA,NA,NA,1,NA,NA,9
ST201042,B,1,2020-09-14,NA,NA,NA,NA,NA,NA,1,2,NA,3
ST201043,B,1,2020-09-14,NA,NA,NA,NA,NA,2,5,1,NA,3
ST201044,B,1,2020-09-14,NA,1,NA,NA,NA,NA,2,NA,NA,2
ST201045,B,1,2020-09-14,NA,NA,1,NA,NA,NA,6,NA,NA,4
ST201081,B,1,2020-09-21,1,NA,NA,NA,NA,NA,5,1,NA,1
ST201082,B,1,2020-09-21,NA,1,NA,NA,NA,NA,6,2,NA,2
ST201083,B,1,2020-09-21,NA,NA,NA,NA,NA,1,1,NA,NA,4
ST201084,B,1,2020-09-21,NA,NA,NA,NA,NA,NA,8,NA,NA,3
ST201085,B,1,2020-09-21,NA,NA,NA,NA,NA,NA,4,1,NA,4
ST201121,B,1,2020-09-28,1,1,NA,NA,NA,2,6,NA,NA,10
ST201122,B,1,2020-09-28,NA,NA,NA,NA,NA,NA,4,2,NA,10
ST201123,B,1,2020-09-28,NA,NA,NA,NA,NA,NA,1,1,NA,9
ST201124,B,1,2020-09-28,1,3,NA,NA,NA,1,2,1,NA,4
ST201125,B,1,2020-09-28,NA,NA,NA,NA,NA,NA,1,1,NA,6
ST201161,B,1,2020-10-05,2,NA,NA,NA,NA,2,7,1,NA,5
ST201162,B,1,2020-10-05,1,NA,NA,NA,NA,1,10,2,NA,7
ST201163,B,1,2020-10-05,NA,NA,NA,NA,NA,NA,5,3,NA,3
ST201164,B,1,2020-10-05,2,NA,NA,NA,NA,NA,11,2,NA,6
ST201165,B,1,2020-10-05,NA,NA,NA,NA,NA,1,5,5,NA,4
ST201201,B,1,2020-10-12,1,1,NA,NA,NA,NA,4,4,NA,1
ST201202,B,1,2020-10-12,4,NA,NA,NA,NA,1,5,2,NA,4
ST201203,B,1,2020-10-12,1,1,NA,NA,NA,NA,4,2,NA,4
ST201204,B,1,2020-10-12,NA,1,NA,NA,NA,NA,6,5,NA,1
ST201205,B,1,2020-10-12,NA,NA,NA,NA,NA,NA,3,2,NA,NA
ST201241,B,1,2020-10-19,4,NA,NA,NA,NA,NA,3,12,NA,1
ST201242,B,1,2020-10-19,NA,NA,NA,NA,NA,NA,8,15,NA,6
ST201243,B,1,2020-10-19,NA,NA,NA,NA,NA,NA,6,2,NA,5
ST201244,B,1,2020-10-19,3,NA,NA,NA,NA,NA,3,4,NA,4
ST201245,B,1,2020-10-19,NA,NA,NA,NA,NA,1,4,10,NA,4
ST201281,B,1,2020-10-26,10,NA,NA,NA,NA,NA,12,13,NA,8
ST201282,B,1,2020-10-26,1,NA,NA,NA,NA,NA,4,11,NA,5
ST201283,B,1,2020-10-26,2,NA,NA,NA,NA,NA,1,17,NA,3
ST201284,B,1,2020-10-26,3,NA,NA,NA,NA,NA,4,3,NA,3
ST201285,B,1,2020-10-26,5,NA,NA,NA,NA,NA,5,9,NA,1
ST201321,B,1,2020-11-02,NA,NA,NA,NA,NA,NA,6,NA,NA,NA
ST201322,B,1,2020-11-02,NA,NA,NA,NA,NA,NA,3,NA,NA,NA
ST201323,B,1,2020-11-02,3,1,NA,NA,NA,NA,7,NA,NA,NA
ST201324,B,1,2020-11-02,1,NA,NA,NA,NA,NA,7,NA,NA,1
ST201325,B,1,2020-11-02,2,NA,NA,NA,NA,NA,5,NA,NA,1
ST201361,B,1,2020-11-09,NA,1,NA,NA,NA,NA,5,NA,NA,4
ST201401,B,1,2020-11-16,1,NA,NA,NA,NA,NA,1,1,NA,3
ST201441,B,1,2020-11-22,NA,NA,NA,NA,NA,NA,2,NA,NA,NA
ST201481,B,1,2020-11-30,2,2,NA,NA,NA,NA,2,NA,NA,NA
ST210081,B,1,2021-03-29,NA,NA,NA,NA,NA,NA,NA,1,NA,NA
ST210121,B,1,2021-04-05,NA,NA,NA,NA,NA,NA,1,1,NA,NA
ST210161,B,1,2021-04-12,4,1,NA,NA,NA,2,3,1,NA,24
ST210522,B,1,2021-06-15,NA,2,NA,NA,NA,9,15,5,NA,2
ST210523,B,1,2021-06-15,NA,1,5,NA,NA,2,31,2,NA,5
ST210524,B,1,2021-06-15,NA,1,4,NA,1,NA,21,2,NA,7
ST210525,B,1,2021-06-15,1,1,2,NA,1,NA,26,NA,NA,7
ST210561,B,1,2021-06-21,3,2,1,NA,NA,2,22,1,1,13
ST210562,B,1,2021-06-21,NA,NA,1,NA,NA,2,19,3,NA,7
ST210563,B,1,2021-06-21,3,1,2,NA,NA,3,22,1,NA,7
ST210564,B,1,2021-06-21,2,3,2,NA,2,3,19,3,NA,16
ST210565,B,1,2021-06-21,NA,NA,1,NA,NA,2,10,NA,NA,5
ST200896,A,4,2020-08-17,NA,4,NA,NA,1,1,8,2,NA,4
ST200897,A,4,2020-08-17,NA,6,3,NA,NA,1,5,1,NA,NA
ST200898,A,4,2020-08-17,NA,2,NA,1,1,3,9,4,1,6
ST200899,A,4,2020-08-17,NA,2,NA,NA,NA,3,10,8,NA,6
ST200900,A,4,2020-08-17,1,NA,NA,NA,NA,NA,8,2,NA,4
ST200936,A,4,2020-08-24,NA,3,NA,NA,NA,NA,11,8,NA,5
ST200937,A,4,2020-08-24,NA,2,NA,NA,NA,2,8,7,NA,8
ST200938,A,4,2020-08-24,NA,NA,NA,NA,NA,NA,10,6,NA,1
ST200939,A,4,2020-08-24,NA,5,1,NA,NA,NA,12,6,NA,11
ST200940,A,4,2020-08-24,NA,1,NA,NA,NA,1,6,4,NA,8
ST200976,A,4,2020-08-31,1,1,NA,NA,NA,1,4,5,NA,2
ST200977,A,4,2020-08-31,1,1,NA,NA,NA,1,6,5,NA,4
ST200978,A,4,2020-08-31,1,1,NA,NA,NA,1,13,7,NA,7
ST200979,A,4,2020-08-31,2,1,1,NA,1,NA,13,10,NA,7
ST200980,A,4,2020-08-31,3,NA,NA,NA,NA,1,9,5,NA,8
ST201016,A,4,2020-09-08,NA,NA,NA,NA,1,NA,7,12,NA,9
ST201017,A,4,2020-09-08,NA,NA,NA,NA,NA,NA,9,5,NA,5
ST201018,A,4,2020-09-08,NA,1,NA,NA,NA,NA,12,13,NA,13
ST201019,A,4,2020-09-08,1,NA,1,NA,NA,NA,8,4,1,3
ST201020,A,4,2020-09-08,1,NA,NA,NA,NA,1,4,7,NA,10
ST201056,A,4,2020-09-14,NA,NA,NA,NA,NA,NA,6,4,NA,1
ST201057,A,4,2020-09-14,1,3,NA,NA,NA,NA,5,4,NA,2
ST201058,A,4,2020-09-14,NA,2,NA,1,NA,NA,5,6,NA,4
ST201059,A,4,2020-09-14,2,1,NA,NA,NA,NA,5,8,1,6
ST201060,A,4,2020-09-14,NA,NA,NA,NA,1,NA,5,6,NA,2
ST201096,A,4,2020-09-21,NA,2,NA,NA,NA,NA,4,2,1,1
ST201097,A,4,2020-09-21,1,1,NA,NA,NA,1,6,2,NA,3
ST201098,A,4,2020-09-21,4,NA,NA,NA,NA,NA,4,3,NA,3
ST201099,A,4,2020-09-21,NA,1,NA,1,NA,NA,18,9,NA,7
ST201100,A,4,2020-09-21,3,1,NA,NA,NA,NA,4,7,NA,9
ST201136,A,4,2020-09-28,NA,NA,NA,NA,NA,1,4,9,NA,4
ST201137,A,4,2020-09-28,NA,NA,NA,NA,NA,1,8,1,NA,5
ST201138,A,4,2020-09-28,1,NA,1,NA,NA,NA,8,2,NA,9
ST201139,A,4,2020-09-28,4,1,NA,NA,NA,NA,6,5,NA,9
ST201140,A,4,2020-09-28,1,NA,1,NA,NA,NA,14,11,NA,11
ST201176,A,4,2020-10-05,NA,NA,NA,NA,NA,NA,7,4,NA,2
ST201177,A,4,2020-10-05,NA,NA,NA,NA,NA,NA,18,11,NA,6
ST201178,A,4,2020-10-05,NA,NA,NA,NA,NA,NA,15,11,NA,5
ST201179,A,4,2020-10-05,1,2,NA,NA,NA,NA,12,14,2,3
ST201180,A,4,2020-10-05,3,NA,NA,NA,2,NA,2,7,NA,12
ST201216,A,4,2020-10-12,NA,NA,NA,NA,NA,NA,3,3,NA,5
ST201217,A,4,2020-10-12,2,1,NA,NA,NA,NA,12,15,NA,7
ST201218,A,4,2020-10-12,NA,NA,NA,NA,NA,NA,8,15,NA,4
ST201219,A,4,2020-10-12,1,NA,NA,NA,NA,NA,3,6,NA,2
ST201220,A,4,2020-10-12,NA,NA,NA,NA,NA,NA,3,8,NA,2
ST201256,A,4,2020-10-19,1,NA,NA,NA,NA,NA,8,12,NA,4
ST201257,A,4,2020-10-19,1,NA,NA,NA,NA,NA,NA,3,NA,NA
ST201258,A,4,2020-10-19,NA,NA,NA,NA,NA,1,1,NA,NA,2
ST201259,A,4,2020-10-19,1,1,NA,NA,NA,NA,4,4,NA,NA
ST201260,A,4,2020-10-19,NA,NA,NA,NA,NA,NA,2,6,NA,4
ST201296,A,4,2020-10-26,5,1,NA,NA,NA,NA,3,12,NA,5
ST201297,A,4,2020-10-26,1,1,NA,NA,NA,NA,15,15,NA,5
ST201298,A,4,2020-10-26,NA,NA,NA,NA,NA,NA,3,8,NA,6
ST201299,A,4,2020-10-26,NA,NA,NA,NA,NA,NA,2,8,NA,3
ST201300,A,4,2020-10-26,22,1,NA,NA,NA,1,31,30,NA,3
ST201336,A,4,2020-11-02,1,0,0,0,0,0,2,0,0,0
ST201337,A,4,2020-11-02,1,0,0,0,0,0,2,0,0,0
ST201338,A,4,2020-11-02,2,0,0,0,0,0,2,0,0,0
ST201339,A,4,2020-11-02,1,0,0,0,0,0,3,0,0,1
ST201340,A,4,2020-11-02,2,0,0,0,0,0,0,0,0,0
ST201376,A,4,2020-11-09,1,2,0,0,0,1,4,7,0,2
ST201416,A,4,2020-11-16,3,0,0,0,0,0,6,2,0,7
ST201456,A,4,2020-11-22,1,0,0,0,0,0,1,0,0,0
ST201496,A,4,2020-11-30,3,0,0,0,0,0,1,0,0,0
ST201536,A,4,2020-12-07,0,0,0,0,0,0,1,0,0,0
ST200896,B,4,2020-08-17,NA,2,NA,NA,2,NA,14,5,NA,7
ST200897,B,4,2020-08-17,NA,23,NA,NA,NA,2,4,3,NA,2
ST200898,B,4,2020-08-17,NA,2,NA,NA,1,5,8,7,NA,9
ST200899,B,4,2020-08-17,1,1,1,NA,NA,4,14,4,NA,7
ST200900,B,4,2020-08-17,2,2,1,NA,NA,2,8,8,NA,10
ST200936,B,4,2020-08-24,NA,1,NA,NA,NA,1,4,3,NA,NA
ST200937,B,4,2020-08-24,NA,1,NA,NA,NA,1,19,8,NA,11
ST200938,B,4,2020-08-24,NA,NA,NA,NA,NA,NA,12,7,NA,5
ST200939,B,4,2020-08-24,NA,2,NA,NA,NA,NA,13,11,NA,4
ST200940,B,4,2020-08-24,NA,NA,NA,NA,NA,1,11,9,NA,7
ST200976,B,4,2020-08-31,1,2,NA,NA,NA,1,4,6,NA,6
ST200977,B,4,2020-08-31,3,2,1,NA,NA,NA,12,9,NA,12
ST200978,B,4,2020-08-31,NA,NA,NA,NA,NA,NA,9,4,NA,4
ST200979,B,4,2020-08-31,NA,4,1,NA,NA,3,5,8,NA,8
ST200980,B,4,2020-08-31,1,4,NA,NA,NA,NA,7,6,1,8
ST201016,B,4,2020-09-08,NA,NA,NA,NA,1,NA,10,12,NA,12
ST201017,B,4,2020-09-08,NA,1,NA,NA,NA,NA,5,9,NA,8
ST201018,B,4,2020-09-08,1,NA,NA,NA,NA,NA,5,3,NA,5
ST201019,B,4,2020-09-08,NA,1,NA,NA,NA,NA,7,8,NA,10
ST201020,B,4,2020-09-08,1,2,NA,1,NA,1,9,12,1,4
ST201056,B,4,2020-09-14,NA,1,NA,NA,NA,NA,8,8,NA,9
ST201057,B,4,2020-09-14,1,NA,1,NA,NA,NA,10,4,NA,3
ST201058,B,4,2020-09-14,NA,NA,NA,NA,NA,1,3,5,NA,NA
ST201059,B,4,2020-09-14,1,NA,NA,NA,NA,NA,6,7,NA,2
ST201060,B,4,2020-09-14,NA,NA,NA,NA,NA,NA,2,8,NA,2
ST201096,B,4,2020-09-21,5,1,NA,NA,NA,NA,17,12,NA,3
ST201097,B,4,2020-09-21,NA,NA,NA,NA,NA,NA,9,12,NA,5
ST201098,B,4,2020-09-21,1,2,NA,NA,NA,NA,NA,6,NA,4
ST201099,B,4,2020-09-21,NA,2,NA,1,NA,NA,9,10,NA,4
ST201100,B,4,2020-09-21,1,NA,NA,NA,NA,NA,11,8,NA,3
ST201136,B,4,2020-09-28,3,1,NA,NA,NA,1,9,6,NA,14
ST201137,B,4,2020-09-28,3,NA,1,NA,NA,1,13,5,NA,10
ST201138,B,4,2020-09-28,1,NA,NA,NA,NA,1,23,13,1,7
ST201139,B,4,2020-09-28,2,NA,NA,1,NA,2,18,8,1,6
ST201140,B,4,2020-09-28,1,2,1,NA,NA,NA,7,8,NA,9
ST201176,B,4,2020-10-05,NA,1,NA,NA,NA,NA,5,7,NA,6
ST201177,B,4,2020-10-05,NA,1,NA,NA,NA,NA,7,5,NA,3
ST201178,B,4,2020-10-05,NA,NA,NA,NA,NA,NA,2,9,NA,2
ST201179,B,4,2020-10-05,NA,NA,NA,NA,NA,NA,9,9,NA,4
ST201180,B,4,2020-10-05,1,NA,NA,NA,NA,NA,8,5,NA,7
ST201216,B,4,2020-10-12,2,NA,NA,NA,NA,NA,6,9,NA,2
ST201217,B,4,2020-10-12,1,NA,NA,NA,NA,NA,4,5,NA,4
ST201218,B,4,2020-10-12,NA,NA,NA,NA,NA,NA,5,5,NA,5
ST201219,B,4,2020-10-12,2,2,NA,NA,NA,NA,10,7,NA,4
ST201220,B,4,2020-10-12,NA,NA,NA,NA,NA,NA,9,7,NA,4
ST201256,B,4,2020-10-19,1,NA,NA,NA,NA,NA,6,6,NA,3
ST201257,B,4,2020-10-19,NA,NA,NA,NA,NA,1,2,5,NA,2
ST201258,B,4,2020-10-19,2,NA,NA,NA,NA,NA,6,7,NA,1
ST201259,B,4,2020-10-19,3,NA,NA,NA,NA,NA,3,9,NA,2
ST201260,B,4,2020-10-19,1,1,NA,NA,NA,NA,NA,8,NA,4
ST201296,B,4,2020-10-26,NA,NA,NA,NA,NA,NA,6,8,NA,5
ST201297,B,4,2020-10-26,3,1,NA,NA,NA,NA,2,10,NA,4
ST201298,B,4,2020-10-26,1,NA,NA,NA,NA,NA,NA,3,NA,8
ST201299,B,4,2020-10-26,3,NA,NA,NA,NA,NA,2,6,NA,5
ST201300,B,4,2020-10-26,6,NA,NA,NA,NA,NA,5,10,NA,5
ST201336,B,4,2020-11-02,0,0,0,0,0,0,2,1,0,0
ST201337,B,4,2020-11-02,0,0,0,0,0,0,1,1,0,0
ST201338,B,4,2020-11-02,2,0,0,0,0,0,4,0,0,0
ST201339,B,4,2020-11-02,2,1,0,0,0,0,0,0,0,0
ST201340,B,4,2020-11-02,1,0,0,0,0,0,4,0,0,1
ST201376,B,4,2020-11-09,1,0,0,0,0,0,5,7,0,8
ST201416,B,4,2020-11-16,3,0,0,0,0,0,3,1,0,2
ST201456,B,4,2020-11-22,1,1,0,0,0,0,1,0,0,0
ST201496,B,4,2020-11-30,1,0,0,0,0,0,2,0,0,0
ST201536,B,4,2020-12-07,1,0,0,0,0,0,1,0,0,0
ST200061,A,5,2020-03-23,1,NA,NA,NA,NA,NA,NA,NA,NA,NA
ST200101,A,5,2020-03-31,NA,NA,NA,NA,NA,NA,1,NA,NA,NA
ST200141,A,5,2020-04-06,2,NA,NA,NA,NA,NA,2,NA,NA,NA
ST200181,A,5,2020-04-14,NA,NA,NA,NA,NA,NA,1,NA,NA,1
ST200182,A,5,2020-04-14,NA,NA,NA,NA,NA,NA,3,1,NA,1
ST200183,A,5,2020-04-14,NA,NA,NA,NA,NA,NA,4,NA,1,11
ST200184,A,5,2020-04-14,2,NA,NA,NA,NA,NA,10,1,NA,4
ST200185,A,5,2020-04-14,NA,1,NA,NA,NA,NA,5,1,NA,1
ST200221,A,5,2020-04-20,3,1,NA,NA,NA,NA,3,1,NA,3
ST200222,A,5,2020-04-20,NA,NA,NA,NA,NA,NA,1,NA,NA,3
ST200223,A,5,2020-04-20,1,NA,NA,NA,NA,NA,2,NA,NA,2
ST200224,A,5,2020-04-20,1,1,NA,NA,NA,NA,4,NA,NA,4
ST200225,A,5,2020-04-20,2,NA,NA,NA,NA,NA,4,NA,1,4
ST200261,A,5,2020-04-28,4,NA,NA,NA,NA,NA,8,1,NA,9
ST200262,A,5,2020-04-28,8,NA,NA,NA,NA,NA,13,3,NA,16
ST200263,A,5,2020-04-28,21,2,NA,NA,NA,NA,14,2,NA,12
ST200264,A,5,2020-04-28,11,1,NA,NA,1,1,12,1,NA,8
ST200265,A,5,2020-04-28,2,1,NA,NA,NA,1,6,1,NA,18
ST200301,A,5,2020-05-04,6,NA,NA,NA,NA,NA,35,2,NA,15
ST200302,A,5,2020-05-04,2,NA,NA,NA,NA,NA,17,4,NA,5
ST200303,A,5,2020-05-04,6,NA,NA,NA,NA,2,40,12,NA,10
ST200304,A,5,2020-05-04,8,NA,NA,NA,NA,1,27,7,NA,17
ST200305,A,5,2020-05-04,4,NA,NA,NA,NA,1,21,8,NA,14
ST200341,A,5,2020-05-12,8,NA,NA,NA,NA,NA,58,2,NA,5
ST200342,A,5,2020-05-12,NA,NA,NA,NA,NA,NA,35,1,NA,NA
ST200343,A,5,2020-05-12,4,NA,NA,NA,NA,NA,34,2,NA,2
ST200344,A,5,2020-05-12,NA,NA,NA,NA,NA,NA,31,2,NA,7
ST200345,A,5,2020-05-12,1,NA,NA,NA,NA,NA,33,1,NA,5
ST200381,A,5,2020-05-18,NA,NA,NA,NA,3,2,143,11,NA,64
ST200382,A,5,2020-05-18,2,NA,NA,NA,NA,2,94,4,NA,31
ST200383,A,5,2020-05-18,1,NA,NA,NA,NA,4,116,8,NA,57
ST200384,A,5,2020-05-18,2,NA,NA,NA,1,1,65,8,NA,34
ST200385,A,5,2020-05-18,1,1,NA,NA,2,NA,110,8,NA,100
ST200421,A,5,2020-05-26,10,NA,NA,NA,3,3,180,78,7,67
ST200422,A,5,2020-05-26,4,2,NA,NA,2,NA,164,7,NA,28
ST200423,A,5,2020-05-26,8,1,NA,NA,3,8,164,15,2,65
ST200424,A,5,2020-05-26,13,1,NA,NA,2,8,275,8,1,56
ST200425,A,5,2020-05-26,4,NA,1,NA,1,2,81,9,NA,28
ST200461,A,5,2020-06-01,6,2,NA,NA,1,10,108,3,NA,3
ST200462,A,5,2020-06-01,3,NA,1,NA,1,5,188,13,NA,5
ST200463,A,5,2020-06-01,1,NA,NA,NA,6,7,217,11,NA,7
ST200464,A,5,2020-06-01,1,NA,NA,NA,NA,9,129,14,NA,11
ST200465,A,5,2020-06-01,1,2,NA,NA,NA,4,180,11,NA,6
ST200501,A,5,2020-06-08,1,1,1,NA,1,NA,78,6,NA,6
ST200502,A,5,2020-06-08,1,NA,NA,NA,NA,6,91,9,NA,3
ST200503,A,5,2020-06-08,2,NA,NA,NA,1,7,104,8,NA,3
ST200504,A,5,2020-06-08,1,1,NA,NA,1,3,89,4,1,10
ST200505,A,5,2020-06-08,2,2,NA,NA,1,3,76,5,NA,11
ST200541,A,5,2020-06-15,1,4,NA,NA,NA,NA,48,2,NA,6
ST200542,A,5,2020-06-15,1,2,1,NA,2,2,27,5,NA,12
ST200543,A,5,2020-06-15,2,3,NA,NA,1,1,31,1,NA,3
ST200544,A,5,2020-06-15,2,7,NA,NA,1,1,23,6,NA,2
ST200545,A,5,2020-06-15,2,3,NA,NA,NA,4,35,2,NA,8
ST200581,A,5,2020-06-22,2,NA,3,NA,1,5,20,5,NA,17
ST200582,A,5,2020-06-22,NA,6,NA,NA,NA,11,22,12,NA,10
ST200583,A,5,2020-06-22,1,9,NA,NA,1,7,16,9,NA,17
ST200584,A,5,2020-06-22,3,2,1,NA,1,6,53,9,NA,15
ST200585,A,5,2020-06-22,NA,12,3,NA,NA,16,34,26,NA,14
ST200621,A,5,2020-06-29,1,3,NA,NA,NA,2,21,10,NA,20
ST200622,A,5,2020-06-29,2,2,NA,NA,NA,NA,33,18,NA,6
ST200623,A,5,2020-06-29,3,1,1,NA,NA,4,23,10,NA,17
ST200624,A,5,2020-06-29,4,NA,5,NA,1,2,37,10,1,8
ST200625,A,5,2020-06-29,1,3,NA,NA,NA,2,37,16,NA,25
ST200661,A,5,2020-07-06,2,2,3,NA,NA,3,14,29,NA,8
ST200662,A,5,2020-07-06,2,NA,1,NA,NA,NA,12,10,NA,5
ST200663,A,5,2020-07-06,1,1,1,NA,1,3,10,12,NA,6
ST200664,A,5,2020-07-06,3,6,1,NA,NA,3,15,15,NA,2
ST200665,A,5,2020-07-06,2,5,NA,NA,NA,NA,7,8,NA,9
ST200701,A,5,2020-07-13,2,1,NA,NA,NA,4,18,22,NA,7
ST200702,A,5,2020-07-13,3,5,1,NA,NA,4,36,19,NA,8
ST200703,A,5,2020-07-13,1,3,NA,NA,NA,3,5,13,NA,5
ST200704,A,5,2020-07-13,NA,NA,NA,NA,NA,1,NA,NA,NA,1
ST200705,A,5,2020-07-13,NA,3,NA,NA,NA,2,2,2,NA,2
ST200741,A,5,2020-07-20,NA,2,NA,NA,NA,4,17,43,NA,6
ST200742,A,5,2020-07-20,1,1,4,NA,1,2,19,16,NA,10
ST200743,A,5,2020-07-20,2,1,NA,NA,1,NA,8,14,NA,6
ST200744,A,5,2020-07-20,2,2,NA,NA,NA,7,16,10,NA,9
ST200745,A,5,2020-07-20,NA,NA,NA,NA,NA,1,28,9,NA,8
ST200781,A,5,2020-07-27,1,2,1,NA,1,7,17,12,NA,5
ST200782,A,5,2020-07-27,NA,4,NA,NA,NA,5,13,12,NA,8
ST200783,A,5,2020-07-27,NA,8,NA,NA,1,6,28,11,NA,11
ST200784,A,5,2020-07-27,1,4,NA,NA,NA,8,10,14,NA,5
ST200785,A,5,2020-07-27,NA,2,NA,NA,NA,15,16,17,NA,8
ST200821,A,5,2020-08-03,3,3,NA,NA,NA,7,18,9,NA,10
ST200822,A,5,2020-08-03,1,1,NA,NA,NA,4,16,5,NA,11
ST200823,A,5,2020-08-03,NA,1,1,NA,NA,3,12,10,NA,10
ST200824,A,5,2020-08-03,1,NA,3,NA,NA,14,28,11,NA,18
ST200825,A,5,2020-08-03,NA,1,NA,NA,NA,2,10,24,1,13
ST200861,A,5,2020-08-10,1,1,NA,NA,NA,4,9,14,NA,14
ST200862,A,5,2020-08-10,NA,NA,NA,NA,NA,14,18,5,1,28
ST200863,A,5,2020-08-10,NA,NA,1,NA,NA,6,19,5,NA,20
ST200864,A,5,2020-08-10,1,3,NA,NA,NA,2,8,9,NA,17
ST200865,A,5,2020-08-10,NA,1,NA,NA,NA,7,16,8,NA,10
ST200901,A,5,2020-08-17,1,1,1,0,0,1,12,0,0,7
ST200902,A,5,2020-08-17,1,3,1,0,0,4,12,0,0,6
ST200903,A,5,2020-08-17,2,0,2,0,0,3,5,0,0,11
ST200904,A,5,2020-08-17,5,2,0,0,0,4,7,1,0,4
ST200905,A,5,2020-08-17,1,0,2,0,0,11,1,0,0,13
ST200941,A,5,2020-08-24,1,0,0,0,0,0,3,0,0,7
ST200942,A,5,2020-08-24,0,1,1,0,0,0,9,0,0,4
ST200943,A,5,2020-08-24,2,0,1,0,0,1,12,0,0,7
ST200944,A,5,2020-08-24,0,1,0,0,0,0,11,0,0,7
ST200945,A,5,2020-08-24,0,0,0,0,0,2,6,0,0,10
ST200981,A,5,2020-08-31,2,0,0,0,0,0,4,0,0,10
ST200982,A,5,2020-08-31,1,2,0,0,0,2,11,0,0,9
ST200983,A,5,2020-08-31,1,0,0,0,0,0,15,2,0,18
ST200984,A,5,2020-08-31,1,2,0,0,0,0,11,0,0,6
ST200985,A,5,2020-08-31,3,3,0,0,0,0,6,0,0,11
ST201021,A,5,2020-09-08,0,0,0,0,0,1,4,1,0,0
ST201022,A,5,2020-09-08,0,0,0,0,0,0,9,1,0,10
ST201023,A,5,2020-09-08,0,1,0,0,0,1,6,1,0,6
ST201024,A,5,2020-09-08,0,2,0,0,0,0,13,0,0,6
ST201025,A,5,2020-09-08,0,1,0,0,0,0,12,1,0,6
ST201025,A,5,2020-09-08,3,0,0,0,0,1,8,1,0,3
ST201061,A,5,2020-09-14,0,0,0,0,0,1,1,0,0,4
ST201062,A,5,2020-09-14,0,0,0,0,0,0,1,3,0,10
ST201063,A,5,2020-09-14,0,2,0,0,0,0,7,1,0,6
ST201064,A,5,2020-09-14,0,1,0,0,0,0,2,1,0,6
ST201065,A,5,2020-09-14,0,0,0,0,0,0,4,0,0,4
ST201101,A,5,2020-09-21,2,5,0,0,0,0,5,0,0,4
ST201102,A,5,2020-09-21,0,1,0,0,0,0,5,3,0,1
ST201103,A,5,2020-09-21,3,2,0,0,0,0,12,2,0,3
ST201104,A,5,2020-09-21,1,0,0,0,0,0,3,0,0,2
ST201105,A,5,2020-09-21,0,0,0,0,0,0,2,0,0,0
ST201141,A,5,2020-09-28,0,1,0,0,0,2,3,0,0,6
ST201142,A,5,2020-09-28,0,2,1,0,0,0,14,5,0,4
ST201143,A,5,2020-09-28,0,3,0,0,0,0,9,4,0,7
ST201144,A,5,2020-09-28,0,0,0,0,0,1,8,2,0,3
ST201145,A,5,2020-09-28,0,0,0,0,0,1,7,0,0,3
ST201181,A,5,2020-10-05,0,0,0,0,0,0,9,0,0,1
ST201182,A,5,2020-10-05,0,0,0,0,0,0,4,0,0,2
ST201183,A,5,2020-10-05,0,0,0,0,0,0,8,1,0,0
ST201184,A,5,2020-10-05,2,0,0,0,0,0,5,3,0,5
ST201185,A,5,2020-10-05,1,0,0,0,0,0,12,1,0,2
ST201221,A,5,2020-10-12,1,0,0,0,0,0,6,0,0,5
ST201222,A,5,2020-10-12,1,0,0,0,0,9,7,0,0,4
ST201223,A,5,2020-10-12,0,0,0,0,0,0,5,2,0,4
ST201224,A,5,2020-10-12,0,0,0,0,0,0,4,0,0,1
ST201225,A,5,2020-10-12,1,0,0,0,0,0,3,0,0,2
ST201261,A,5,2020-10-19,1,0,0,0,0,0,3,6,0,1
ST201262,A,5,2020-10-19,8,0,0,0,0,0,3,1,0,3
ST201263,A,5,2020-10-19,2,0,0,0,0,0,4,0,0,0
ST201264,A,5,2020-10-19,2,0,0,0,0,0,4,2,0,1
ST201265,A,5,2020-10-19,3,0,0,0,0,0,5,1,0,3
ST201301,A,5,2020-10-26,5,2,0,0,0,0,7,4,0,7
ST201302,A,5,2020-10-26,1,0,0,0,0,0,4,0,0,2
ST201303,A,5,2020-10-26,0,0,0,0,0,0,5,4,0,2
ST201304,A,5,2020-10-26,2,1,0,0,0,0,6,1,0,0
ST201305,A,5,2020-10-26,2,0,0,0,0,0,13,0,0,15
ST201341,A,5,2020-11-02,4,0,0,0,0,0,3,0,0,0
ST201342,A,5,2020-11-02,2,0,0,0,0,0,3,0,0,0
ST201343,A,5,2020-11-02,0,0,0,0,0,0,2,0,0,0
ST201344,A,5,2020-11-02,1,0,0,0,0,0,4,0,0,0
ST201345,A,5,2020-11-02,6,1,0,0,0,0,1,0,0,0
ST201381,A,5,2020-11-09,0,0,0,0,0,0,14,0,0,8
ST201421,A,5,2020-11-14,2,0,0,0,0,0,9,0,0,1
ST201461,A,5,2020-11-22,2,0,0,0,0,0,2,0,0,0
ST201501,A,5,2020-11-30,4,0,0,0,0,0,2,0,0,0
ST201541,A,5,2020-12-07,0,0,0,0,0,0,2,0,0,0
ST200141,B,5,2020-04-06,NA,NA,NA,1,NA,NA,13,NA,NA,2
ST200181,B,5,2020-04-14,NA,NA,NA,NA,1,NA,7,2,NA,2
ST200182,B,5,2020-04-14,1,NA,NA,NA,NA,NA,1,NA,NA,4
ST200183,B,5,2020-04-14,NA,2,NA,NA,NA,NA,5,2,NA,5
ST200184,B,5,2020-04-14,NA,NA,NA,NA,NA,NA,11,4,NA,2
ST200185,B,5,2020-04-14,NA,NA,NA,NA,NA,NA,3,NA,NA,3
ST200221,B,5,2020-04-20,2,NA,NA,NA,NA,NA,2,NA,NA,4
ST200222,B,5,2020-04-20,NA,1,NA,NA,NA,NA,3,1,NA,4
ST200223,B,5,2020-04-20,NA,NA,NA,NA,NA,NA,NA,NA,NA,2
ST200224,B,5,2020-04-20,NA,NA,NA,NA,1,NA,2,NA,NA,2
ST200225,B,5,2020-04-20,1,NA,1,NA,NA,NA,3,NA,NA,3
ST200261,B,5,2020-04-28,2,NA,NA,NA,NA,NA,6,1,NA,4
ST200262,B,5,2020-04-28,1,NA,NA,NA,NA,1,8,NA,NA,4
ST200263,B,5,2020-04-28,10,NA,NA,NA,NA,NA,10,2,NA,5
ST200264,B,5,2020-04-28,5,NA,NA,NA,1,NA,7,NA,NA,5
ST200265,B,5,2020-04-28,5,NA,NA,NA,NA,NA,17,2,NA,12
ST200301,B,5,2020-05-04,2,NA,NA,NA,NA,NA,31,5,NA,19
ST200302,B,5,2020-05-04,2,NA,NA,NA,NA,1,32,2,NA,13
ST200303,B,5,2020-05-04,1,NA,NA,NA,NA,NA,28,1,NA,10
ST200304,B,5,2020-05-04,3,NA,NA,NA,NA,NA,17,2,NA,9
ST200305,B,5,2020-05-04,3,NA,NA,NA,1,1,18,1,NA,11
ST200341,B,5,2020-05-12,2,NA,NA,NA,NA,NA,14,NA,NA,4
ST200342,B,5,2020-05-12,1,NA,NA,NA,NA,NA,46,2,NA,1
ST200343,B,5,2020-05-12,NA,NA,NA,NA,NA,NA,46,9,NA,3
ST200344,B,5,2020-05-12,NA,NA,NA,NA,NA,NA,14,1,NA,1
ST200345,B,5,2020-05-12,NA,NA,NA,NA,NA,NA,22,NA,NA,2
ST200381,B,5,2020-05-18,NA,NA,NA,NA,NA,NA,161,11,NA,106
ST200382,B,5,2020-05-18,1,NA,NA,NA,NA,NA,104,7,NA,32
ST200383,B,5,2020-05-18,3,NA,NA,NA,NA,NA,48,1,NA,29
ST200384,B,5,2020-05-18,4,NA,NA,NA,NA,1,152,15,NA,51
ST200385,B,5,2020-05-18,2,NA,NA,NA,NA,1,49,8,NA,29
ST200421,B,5,2020-05-26,2,NA,1,NA,3,2,64,6,1,38
ST200422,B,5,2020-05-26,1,3,NA,NA,1,2,162,7,NA,33
ST200423,B,5,2020-05-26,NA,NA,NA,NA,NA,4,94,2,1,30
ST200424,B,5,2020-05-26,1,2,NA,NA,4,5,259,6,NA,54
ST200425,B,5,2020-05-26,4,NA,1,NA,3,4,226,22,NA,53
ST200461,B,5,2020-06-01,3,1,NA,NA,3,7,92,7,NA,11
ST200462,B,5,2020-06-01,4,NA,NA,NA,3,3,84,7,1,6
ST200463,B,5,2020-06-01,NA,1,NA,NA,3,7,129,2,NA,6
ST200464,B,5,2020-06-01,7,1,NA,NA,NA,8,161,7,NA,13
ST200465,B,5,2020-06-01,1,3,1,NA,NA,4,110,5,NA,8
ST200501,B,5,2020-06-08,2,NA,1,NA,NA,2,50,10,NA,7
ST200502,B,5,2020-06-08,2,2,NA,NA,NA,1,54,4,NA,4
ST200503,B,5,2020-06-08,2,NA,NA,NA,NA,NA,78,6,NA,1
ST200504,B,5,2020-06-08,NA,NA,NA,NA,NA,1,93,6,NA,7
ST200505,B,5,2020-06-08,4,1,NA,NA,1,NA,52,7,NA,8
ST200541,B,5,2020-06-15,1,2,NA,NA,NA,2,32,5,NA,1
ST200542,B,5,2020-06-15,1,NA,NA,NA,1,1,37,4,NA,3
ST200543,B,5,2020-06-15,NA,2,NA,NA,NA,4,37,6,NA,12
ST200544,B,5,2020-06-15,NA,2,NA,NA,NA,3,37,4,NA,3
ST200545,B,5,2020-06-15,2,1,NA,NA,1,2,25,2,NA,1
ST200581,B,5,2020-06-22,2,6,1,NA,1,5,23,4,NA,21
ST200582,B,5,2020-06-22,2,5,2,NA,2,8,20,25,1,18
ST200583,B,5,2020-06-22,1,4,2,NA,1,9,47,12,NA,17
ST200584,B,5,2020-06-22,NA,6,5,NA,1,4,24,7,NA,14
ST200585,B,5,2020-06-22,2,12,2,NA,2,9,14,17,NA,19
ST200621,B,5,2020-06-29,1,NA,2,NA,NA,1,6,13,NA,7
ST200622,B,5,2020-06-29,NA,2,NA,NA,1,2,24,13,NA,11
ST200623,B,5,2020-06-29,1,2,4,NA,NA,6,41,14,NA,16
ST200624,B,5,2020-06-29,NA,3,4,NA,NA,1,9,6,NA,9
ST200625,B,5,2020-06-29,NA,3,3,NA,NA,3,7,8,NA,8
ST200661,B,5,2020-07-06,1,1,1,NA,NA,1,7,8,1,11
ST200662,B,5,2020-07-06,4,4,4,NA,NA,NA,5,5,NA,4
ST200663,B,5,2020-07-06,3,4,NA,NA,NA,3,9,25,NA,8
ST200664,B,5,2020-07-06,9,1,NA,NA,1,3,17,19,NA,10
ST200665,B,5,2020-07-06,4,1,1,NA,NA,NA,13,13,NA,5
ST200701,B,5,2020-07-13,1,3,NA,NA,NA,1,15,15,NA,8
ST200702,B,5,2020-07-13,NA,3,1,NA,1,2,15,8,NA,2
ST200703,B,5,2020-07-13,3,3,NA,NA,1,1,14,14,1,3
ST200704,B,5,2020-07-13,NA,NA,NA,NA,NA,1,NA,NA,NA,NA
ST200705,B,5,2020-07-13,2,5,NA,NA,NA,6,14,8,NA,5
ST200741,B,5,2020-07-20,1,1,NA,NA,NA,1,6,6,NA,1
ST200742,B,5,2020-07-20,2,1,1,NA,1,3,5,5,NA,2
ST200743,B,5,2020-07-20,NA,4,1,NA,NA,8,22,15,1,5
ST200744,B,5,2020-07-20,2,NA,NA,NA,NA,NA,25,8,NA,11
ST200745,B,5,2020-07-20,1,2,NA,NA,NA,NA,61,12,NA,2
ST200781,B,5,2020-07-27,NA,2,1,NA,1,6,7,11,NA,7
ST200782,B,5,2020-07-27,NA,NA,2,NA,NA,5,19,21,NA,7
ST200783,B,5,2020-07-27,1,1,NA,NA,NA,2,29,18,NA,8
ST200784,B,5,2020-07-27,1,1,NA,NA,NA,12,22,13,NA,11
ST200785,B,5,2020-07-27,2,2,1,NA,1,1,8,5,1,8
ST200821,B,5,2020-08-03,NA,1,NA,NA,NA,14,10,8,NA,11
ST200822,B,5,2020-08-03,1,NA,NA,NA,1,8,39,20,NA,5
ST200823,B,5,2020-08-03,1,NA,NA,NA,1,1,4,10,NA,8
ST200824,B,5,2020-08-03,1,2,NA,NA,NA,4,7,11,1,8
ST200825,B,5,2020-08-03,NA,2,NA,NA,NA,8,27,14,1,6
ST200861,B,5,2020-08-10,2,2,2,NA,NA,10,13,17,NA,9
ST200862,B,5,2020-08-10,NA,1,1,NA,NA,4,8,8,NA,18
ST200863,B,5,2020-08-10,2,4,2,NA,NA,4,5,5,NA,9
ST200864,B,5,2020-08-10,NA,2,1,NA,NA,5,16,10,NA,19
ST200865,B,5,2020-08-10,1,1,NA,NA,NA,7,6,3,NA,8
ST200901,B,5,2020-08-17,0,0,6,0,0,1,4,0,0,1
ST200902,B,5,2020-08-17,0,5,1,0,0,0,15,0,0,4
ST200903,B,5,2020-08-17,1,0,0,0,0,14,8,0,0,12
ST200904,B,5,2020-08-17,0,0,1,0,0,6,10,0,0,6
ST200905,B,5,2020-08-17,1,0,0,0,0,4,6,2,0,4
ST200941,B,5,2020-08-24,2,3,1,0,0,1,8,0,0,7
ST200942,B,5,2020-08-24,1,0,0,0,0,1,7,0,0,10
ST200943,B,5,2020-08-24,0,0,0,0,0,3,8,0,0,6
ST200944,B,5,2020-08-24,0,2,0,0,0,2,3,0,0,1
ST200945,B,5,2020-08-24,0,0,0,0,0,2,5,0,0,4
ST200981,B,5,2020-08-31,0,1,0,0,0,1,7,1,0,7
ST200982,B,5,2020-08-31,0,0,0,0,0,1,6,0,0,3
ST200983,B,5,2020-08-31,1,2,1,0,0,0,7,1,0,6
ST200984,B,5,2020-08-31,1,2,0,0,1,0,12,0,0,5
ST200985,B,5,2020-08-31,3,1,0,0,0,0,2,0,0,5
ST201021,B,5,2020-09-08,0,0,0,0,0,1,10,1,0,2
ST201022,B,5,2020-09-08,0,0,0,0,0,0,1,2,0,3
ST201023,B,5,2020-09-08,1,0,0,0,0,1,11,0,0,4
ST201024,B,5,2020-09-08,0,1,0,0,0,0,4,0,0,3
ST201061,B,5,2020-09-14,1,0,0,0,1,0,3,0,0,4
ST201062,B,5,2020-09-14,0,0,0,0,0,0,1,2,5,0
ST201063,B,5,2020-09-14,0,1,0,0,0,0,4,0,0,6
ST201064,B,5,2020-09-14,1,0,0,0,0,0,2,0,0,2
ST201065,B,5,2020-09-14,0,1,0,0,0,0,3,2,0,2
ST201101,B,5,2020-09-21,0,0,0,0,0,0,4,0,0,0
ST201102,B,5,2020-09-21,1,2,0,0,0,0,5,0,0,1
ST201103,B,5,2020-09-21,1,2,0,0,0,0,7,0,0,4
ST201104,B,5,2020-09-21,3,0,0,0,0,0,9,0,0,1
ST201105,B,5,2020-09-21,1,0,0,0,0,0,4,0,0,2
ST201141,B,5,2020-09-28,4,0,0,0,0,0,7,2,0,3
ST201142,B,5,2020-09-28,1,1,1,0,0,0,7,0,0,4
ST201143,B,5,2020-09-28,0,0,0,0,0,0,3,2,0,6
ST201144,B,5,2020-09-28,0,0,0,0,0,0,7,0,0,2
ST201145,B,5,2020-09-28,1,0,0,0,0,0,4,0,0,3
ST201181,B,5,2020-10-05,1,0,0,0,0,0,1,0,0,2
ST201182,B,5,2020-10-05,2,0,0,0,0,0,6,3,0,0
ST201183,B,5,2020-10-05,3,0,0,0,0,0,4,0,0,1
ST201184,B,5,2020-10-05,0,0,0,0,0,0,8,0,0,2
ST201185,B,5,2020-10-05,0,0,0,0,0,0,1,1,0,1
ST201221,B,5,2020-10-12,0,0,0,0,0,1,3,0,0,1
ST201222,B,5,2020-10-12,2,1,0,0,0,9,6,1,0,0
ST201223,B,5,2020-10-12,1,0,0,0,0,0,4,1,0,2
ST201224,B,5,2020-10-12,0,0,0,0,0,0,5,0,0,3
ST201225,B,5,2020-10-12,1,0,0,0,0,0,5,0,0,2
ST201261,B,5,2020-10-19,1,0,0,0,0,0,4,0,0,1
ST201262,B,5,2020-10-19,2,0,0,0,0,0,5,0,0,4
ST201263,B,5,2020-10-19,0,0,0,0,0,0,3,1,0,5
ST201264,B,5,2020-10-19,2,0,0,0,0,0,4,2,0,7
ST201265,B,5,2020-10-19,0,0,0,0,0,0,4,1,0,0
ST201301,B,5,2020-10-26,2,0,0,0,0,0,12,2,0,2
ST201302,B,5,2020-10-26,4,0,0,0,0,0,13,2,0,3
ST201303,B,5,2020-10-26,0,0,0,0,0,0,8,2,0,1
ST201304,B,5,2020-10-26,3,0,0,0,0,0,10,7,0,2
ST201305,B,5,2020-10-26,0,0,0,0,0,0,4,0,0,7
ST201341,B,5,2020-11-02,2,0,0,0,0,0,1,0,0,0
ST201342,B,5,2020-11-02,2,0,0,0,0,0,4,0,0,0
ST201343,B,5,2020-11-02,1,0,0,0,0,0,3,1,0,0
ST201344,B,5,2020-11-02,1,0,0,0,0,0,0,0,0,0
ST201345,B,5,2020-11-02,6,0,0,0,0,0,8,0,0,0
ST201381,B,5,2020-11-09,1,0,0,0,0,0,9,0,0,10
ST201421,B,5,2020-11-14,3,0,0,0,0,0,7,0,0,1
ST201461,B,5,2020-11-22,0,0,0,0,0,0,1,0,0,0
ST201501,B,5,2020-11-30,3,0,0,0,0,0,2,0,0,0
ST201541,B,5,2020-12-07,2,0,0,0,0,0,5,0,0,0
ST190511,A,9,2019-06-24,3,7,NA,NA,NA,2,70,9,NA,18
ST190512,A,9,2019-06-24,2,NA,NA,NA,1,5,192,9,NA,30
ST190513,A,9,2019-06-24,1,3,NA,NA,NA,5,122,17,NA,32
ST190514,A,9,2019-06-24,1,1,NA,NA,1,4,87,3,NA,10
ST190515,A,9,2019-06-24,2,2,NA,NA,1,NA,82,9,NA,10
ST190551,A,9,2019-07-01,5,5,0,0,0,3,32,6,0,10
ST190552,A,9,2019-07-01,4,6,0,0,2,0,29,9,0,5
ST190553,A,9,2019-07-01,1,0,0,0,1,1,27,9,0,10
ST190554,A,9,2019-07-01,2,0,1,0,0,3,43,21,0,9
ST190555,A,9,2019-07-01,0,0,0,0,0,2,20,4,0,11
ST190591,A,9,2019-07-08,3,4,0,0,5,1,20,8,0,9
ST190592,A,9,2019-07-08,0,0,0,0,0,3,10,4,0,11
ST190593,A,9,2019-07-08,1,9,0,0,7,4,9,6,0,36
ST190594,A,9,2019-07-08,0,6,0,0,0,9,18,2,0,13
ST190595,A,9,2019-07-08,3,1,0,0,2,1,18,4,0,15
ST190631,A,9,2019-07-15,0,0,0,0,2,3,26,6,1,15
ST190632,A,9,2019-07-15,0,1,0,0,0,2,14,8,0,180
ST190633,A,9,2019-07-15,1,0,0,0,1,1,34,6,0,54
ST190634,A,9,2019-07-15,2,1,0,0,2,2,30,1,1,81
ST190635,A,9,2019-07-15,0,10,1,0,4,0,12,6,0,22
ST190671,A,9,2019-07-22,3,2,0,0,5,0,9,5,0,63
ST190672,A,9,2019-07-22,12,0,0,0,1,1,16,5,2,9
ST190673,A,9,2019-07-22,4,0,0,0,1,0,20,6,0,22
ST190674,A,9,2019-07-22,5,0,0,0,2,3,21,3,0,35
ST190675,A,9,2019-07-22,0,1,0,0,3,2,15,2,0,6
ST190711,A,9,2019-07-29,3,0,0,0,1,1,11,10,2,9
ST190712,A,9,2019-07-29,1,3,0,0,0,0,11,2,0,13
ST190713,A,9,2019-07-29,6,1,3,0,0,1,16,1,0,11
ST190714,A,9,2019-07-29,1,1,0,0,1,1,16,2,2,9
ST190715,A,9,2019-07-29,9,0,0,0,2,0,11,4,3,4
ST190751,A,9,2019-08-05,3,5,1,0,0,0,7,0,0,8
ST190752,A,9,2019-08-05,1,3,0,0,3,0,24,0,0,8
ST190753,A,9,2019-08-05,2,5,2,0,3,2,26,0,0,10
ST190754,A,9,2019-08-05,3,1,0,0,2,0,3,0,0,12
ST190755,A,9,2019-08-05,1,5,0,0,9,2,32,0,0,5
ST190791,A,9,2019-08-12,2,0,0,0,1,0,13,0,0,2
ST190792,A,9,2019-08-12,5,0,0,0,3,0,10,1,0,1
ST190793,A,9,2019-08-12,4,1,0,0,6,1,8,0,0,6
ST190794,A,9,2019-08-12,0,2,0,0,3,1,8,0,0,7
ST190795,A,9,2019-08-12,2,5,0,0,4,1,9,0,0,1
ST190831,A,9,2019-08-19,1,1,0,0,1,1,5,0,0,4
ST190832,A,9,2019-08-19,2,2,1,0,6,2,5,0,0,2
ST190834,A,9,2019-08-19,2,1,0,0,3,1,14,0,0,5
ST190835,A,9,2019-08-19,0,1,1,0,0,0,6,0,0,2
ST190871,A,9,2019-08-26,1,0,0,0,1,0,11,0,0,7
ST190872,A,9,2019-08-26,0,3,0,0,16,0,9,1,0,1
ST190873,A,9,2019-08-26,0,2,0,0,7,0,3,0,0,3
ST200031,A,9,2020-03-16,NA,NA,NA,NA,NA,NA,NA,NA,NA,7
ST200071,A,9,2020-03-23,4,NA,NA,NA,NA,NA,NA,NA,NA,NA
ST200111,A,9,2020-03-31,1,NA,NA,NA,NA,NA,NA,NA,NA,NA
ST200151,A,9,2020-04-06,5,NA,NA,NA,NA,NA,1,NA,NA,NA
ST200191,A,9,2020-04-14,5,NA,NA,NA,NA,NA,4,NA,NA,NA
ST200231,A,9,2020-04-20,2,NA,NA,NA,NA,NA,1,NA,NA,NA
ST200232,A,9,2020-04-20,NA,NA,NA,NA,NA,NA,2,NA,NA,NA
ST200233,A,9,2020-04-20,NA,NA,NA,NA,NA,NA,1,NA,NA,NA
ST200234,A,9,2020-04-20,1,NA,NA,NA,NA,NA,NA,NA,NA,NA
ST200271,A,9,2020-04-28,NA,NA,NA,NA,NA,NA,2,NA,NA,NA
ST200272,A,9,2020-04-28,NA,NA,NA,NA,NA,NA,1,NA,NA,NA
ST200273,A,9,2020-04-28,NA,NA,NA,NA,NA,NA,1,NA,NA,NA
ST200274,A,9,2020-04-28,NA,NA,NA,NA,NA,NA,2,NA,NA,NA
ST200275,A,9,2020-04-28,1,NA,NA,NA,NA,NA,1,NA,NA,NA
ST200311,A,9,2020-05-04,2,1,NA,NA,NA,NA,NA,NA,NA,NA
ST200312,A,9,2020-05-04,2,NA,NA,NA,NA,NA,NA,NA,NA,NA
ST200314,A,9,2020-05-04,2,NA,NA,NA,NA,NA,3,NA,NA,1
ST200315,A,9,2020-05-04,NA,NA,NA,NA,NA,NA,4,NA,NA,NA
ST200351,A,9,2020-05-12,NA,NA,NA,NA,NA,NA,1,NA,NA,NA
ST200352,A,9,2020-05-12,1,NA,NA,NA,NA,NA,5,1,NA,NA
ST200353,A,9,2020-05-12,NA,NA,NA,NA,NA,NA,2,NA,NA,NA
ST200354,A,9,2020-05-12,NA,NA,NA,NA,NA,NA,1,NA,NA,NA
ST200355,A,9,2020-05-12,NA,NA,NA,NA,NA,NA,2,NA,NA,NA
ST200392,A,9,2020-05-18,NA,NA,NA,NA,NA,NA,3,NA,NA,NA
ST200393,A,9,2020-05-18,NA,1,NA,NA,NA,10,8,8,NA,4
ST200394,A,9,2020-05-18,3,NA,NA,NA,NA,NA,19,1,NA,3
ST200395,A,9,2020-05-18,NA,NA,NA,NA,NA,NA,8,NA,NA,2
ST200431,A,9,2020-05-26,5,2,1,1,NA,NA,23,3,NA,19
ST200432,A,9,2020-05-26,12,NA,NA,NA,1,NA,94,4,NA,7
ST200433,A,9,2020-05-26,2,NA,1,NA,NA,NA,28,5,NA,15
ST200434,A,9,2020-05-26,2,1,NA,NA,NA,NA,13,NA,NA,10
ST200435,A,9,2020-05-26,2,NA,NA,NA,1,1,20,NA,NA,17
ST200471,A,9,2020-06-01,2,NA,NA,NA,2,NA,26,1,NA,11
ST200472,A,9,2020-06-01,2,5,NA,NA,NA,NA,22,6,NA,9
ST200473,A,9,2020-06-01,4,3,NA,NA,1,1,29,6,NA,32
ST200474,A,9,2020-06-01,3,NA,NA,NA,NA,NA,36,4,NA,10
ST200475,A,9,2020-06-01,NA,1,NA,NA,NA,NA,73,1,NA,12
ST200511,A,9,2020-06-08,1,6,1,NA,1,NA,21,11,1,8
ST200512,A,9,2020-06-08,1,3,NA,NA,NA,NA,59,10,NA,7
ST200513,A,9,2020-06-08,2,NA,NA,NA,1,1,57,5,NA,2
ST200514,A,9,2020-06-08,2,NA,NA,NA,1,NA,18,5,NA,6
ST200515,A,9,2020-06-08,3,5,NA,NA,NA,1,5,12,NA,2
ST200551,A,9,2020-06-15,2,NA,NA,NA,2,1,21,5,NA,5
ST200552,A,9,2020-06-15,3,1,1,NA,NA,NA,48,4,NA,4
ST200553,A,9,2020-06-15,3,NA,NA,NA,2,2,28,3,NA,4
ST200554,A,9,2020-06-15,4,2,NA,NA,1,2,72,6,NA,5
ST200555,A,9,2020-06-15,3,NA,NA,NA,NA,NA,21,2,NA,3
ST200591,A,9,2020-06-22,NA,6,1,NA,6,4,39,9,NA,4
ST200592,A,9,2020-06-22,3,8,NA,NA,1,NA,46,7,NA,6
ST200593,A,9,2020-06-22,8,1,1,1,4,3,64,6,NA,6
ST200594,A,9,2020-06-22,2,NA,NA,NA,3,2,36,14,NA,5
ST200595,A,9,2020-06-22,10,3,NA,NA,NA,2,48,12,NA,5
ST200631,A,9,2020-06-29,2,8,NA,NA,NA,4,13,5,NA,7
ST200632,A,9,2020-06-29,7,2,2,NA,1,NA,20,NA,NA,8
ST200633,A,9,2020-06-29,NA,NA,NA,NA,1,NA,8,NA,NA,2
ST200634,A,9,2020-06-29,2,2,NA,NA,1,4,8,3,NA,5
ST200635,A,9,2020-06-29,3,3,NA,NA,5,2,21,1,NA,12
ST200671,A,9,2020-07-06,1,4,NA,NA,2,1,7,5,1,4
ST200672,A,9,2020-07-06,4,6,NA,NA,1,3,23,10,1,8
ST200673,A,9,2020-07-06,NA,3,NA,NA,2,2,19,9,NA,6
ST200674,A,9,2020-07-06,4,2,NA,NA,5,2,6,14,NA,7
ST200675,A,9,2020-07-06,5,7,1,NA,1,2,13,5,NA,7
ST200711,A,9,2020-07-13,3,6,1,NA,4,NA,12,5,NA,2
ST200712,A,9,2020-07-13,NA,2,NA,NA,1,1,15,9,NA,11
ST200714,A,9,2020-07-13,NA,1,2,NA,2,1,13,9,1,18
ST200751,A,9,2020-07-20,2,1,1,NA,3,2,10,3,NA,1
ST200752,A,9,2020-07-20,2,NA,NA,NA,2,NA,21,3,NA,2
ST200753,A,9,2020-07-20,1,1,NA,NA,2,NA,7,11,NA,13
ST200754,A,9,2020-07-20,NA,4,NA,NA,4,NA,18,6,NA,10
ST200755,A,9,2020-07-20,3,4,1,NA,2,NA,14,14,NA,8
ST200791,A,9,2020-07-27,1,NA,1,NA,1,1,28,5,NA,7
ST200792,A,9,2020-07-27,1,1,NA,NA,3,1,3,8,NA,5
ST200793,A,9,2020-07-27,1,1,NA,NA,3,1,6,12,1,5
ST200794,A,9,2020-07-27,6,3,NA,NA,6,1,1,8,NA,4
ST200795,A,9,2020-07-27,5,2,1,NA,NA,1,17,3,NA,12
ST200831,A,9,2020-08-03,NA,4,NA,NA,1,NA,11,5,NA,5
ST200832,A,9,2020-08-03,1,2,NA,NA,2,1,8,9,NA,2
ST200833,A,9,2020-08-03,6,2,NA,NA,NA,1,22,8,NA,7
ST200834,A,9,2020-08-03,8,2,NA,NA,2,NA,11,9,2,8
ST200835,A,9,2020-08-03,NA,2,NA,NA,NA,1,12,5,NA,16
ST200871,A,9,2020-08-10,NA,NA,1,NA,5,NA,15,6,NA,11
ST200872,A,9,2020-08-10,NA,3,NA,NA,NA,1,15,6,NA,10
ST200873,A,9,2020-08-10,8,3,NA,NA,2,NA,15,11,NA,8
ST200874,A,9,2020-08-10,1,1,NA,NA,NA,NA,11,9,NA,5
ST200875,A,9,2020-08-10,NA,1,NA,NA,2,2,9,4,NA,8
ST200911,A,9,2020-08-17,2,2,0,0,3,1,1,2,0,8
ST200912,A,9,2020-08-17,2,4,0,0,1,2,10,1,0,19
ST200913,A,9,2020-08-17,0,8,0,0,2,2,11,1,0,8
ST200914,A,9,2020-08-17,7,1,0,0,5,0,9,7,0,4
ST200915,A,9,2020-08-17,0,0,0,0,0,0,8,1,0,16
ST200951,A,9,2020-08-24,2,1,0,0,1,0,8,5,0,12
ST200952,A,9,2020-08-24,0,3,0,0,0,0,5,5,0,8
ST200953,A,9,2020-08-24,0,1,0,0,0,1,11,0,0,13
ST200954,A,9,2020-08-24,1,0,0,0,1,2,5,1,0,12
ST200955,A,9,2020-08-24,0,1,1,0,1,4,4,3,0,14
ST200991,A,9,2020-08-31,1,1,1,0,3,0,26,4,0,9
ST200992,A,9,2020-08-31,1,0,0,0,0,0,13,1,0,15
ST200993,A,9,2020-08-31,0,3,1,0,0,0,20,7,0,16
ST200994,A,9,2020-08-31,0,0,0,0,0,0,0,0,0,0
ST200995,A,9,2020-08-31,2,0,0,0,0,0,6,0,0,6
ST201031,A,9,2020-09-08,0,1,0,0,1,0,23,2,0,6
ST201032,A,9,2020-09-08,0,0,0,0,0,0,12,5,0,11
ST201033,A,9,2020-09-08,1,2,1,0,0,2,18,4,0,7
ST201034,A,9,2020-09-08,0,0,0,0,0,3,11,0,0,6
ST201035,A,9,2020-09-08,1,2,3,0,2,1,20,2,0,5
ST201071,A,9,2020-09-14,0,0,1,0,0,2,8,0,0,2
ST201072,A,9,2020-09-14,0,1,0,0,0,0,10,2,0,7
ST201073,A,9,2020-09-14,0,0,0,0,0,1,4,1,0,7
ST201074,A,9,2020-09-14,0,0,0,0,0,1,13,1,0,2
ST201075,A,9,2020-09-14,0,0,1,0,0,0,16,1,0,7
ST201111,A,9,2020-09-21,0,2,1,0,0,2,12,0,0,3
ST201112,A,9,2020-09-21,2,0,0,0,0,1,2,2,0,1
ST201113,A,9,2020-09-21,0,0,0,0,0,1,9,3,0,3
ST201114,A,9,2020-09-21,1,1,0,0,0,1,3,0,0,3
ST201115,A,9,2020-09-21,0,1,0,0,0,0,2,2,0,1
ST201151,A,9,2020-09-28,2,0,0,0,1,2,10,1,0,6
ST201152,A,9,2020-09-28,1,0,0,0,0,0,13,6,0,7
ST201153,A,9,2020-09-28,0,1,0,0,1,0,13,4,0,5
ST201154,A,9,2020-09-28,0,1,0,0,0,1,5,4,1,7
ST201155,A,9,2020-09-28,1,0,0,0,0,1,10,10,0,8
ST201191,A,9,2020-10-05,3,0,0,0,0,0,7,0,0,4
ST201192,A,9,2020-10-05,0,0,0,0,0,0,5,0,0,2
ST201193,A,9,2020-10-05,0,0,0,0,0,0,2,3,0,3
ST201194,A,9,2020-10-05,1,0,0,0,0,0,7,2,0,1
ST201195,A,9,2020-10-05,0,0,0,0,1,0,1,0,0,4
ST201231,A,9,2020-10-12,0,0,0,0,0,0,0,0,0,0
ST201232,A,9,2020-10-12,1,2,0,0,0,0,3,4,0,2
ST201233,A,9,2020-10-12,1,1,0,0,0,0,2,9,0,5
ST201234,A,9,2020-10-12,0,0,0,0,0,0,3,2,0,2
ST201235,A,9,2020-10-12,0,0,0,0,0,1,3,3,0,3
ST201271,A,9,2020-10-19,0,0,0,0,0,0,4,0,0,0
ST201272,A,9,2020-10-19,0,0,0,0,0,0,1,0,0,0
ST201273,A,9,2020-10-19,0,0,0,0,0,0,0,0,0,2
ST201274,A,9,2020-10-19,1,0,1,0,0,0,5,0,0,0
ST201275,A,9,2020-10-19,1,0,0,0,0,0,3,0,0,0
ST201311,A,9,2020-10-26,4,0,0,0,0,1,5,0,0,0
ST201312,A,9,2020-10-26,1,0,0,0,0,1,7,1,0,0
ST201313,A,9,2020-10-26,0,1,0,0,0,0,3,0,0,1
ST201314,A,9,2020-10-26,5,0,0,0,0,0,26,5,0,0
ST201315,A,9,2020-10-26,2,0,0,0,0,0,2,0,0,0
ST201351,A,9,2020-11-02,0,0,0,0,0,0,2,0,0,0
ST201352,A,9,2020-11-02,0,0,0,0,0,0,0,0,0,0
ST201353,A,9,2020-11-02,0,0,0,0,0,0,0,0,0,0
ST201354,A,9,2020-11-02,0,0,0,0,0,0,0,0,0,0
ST201355,A,9,2020-11-02,0,0,0,0,0,0,5,0,0,0
ST201391,A,9,2020-11-09,0,0,0,0,0,0,5,0,0,0
ST201431,A,9,2020-11-16,1,1,0,0,0,0,7,0,0,0
ST201471,A,9,2020-11-22,0,0,0,0,0,0,1,0,0,0
ST201511,A,9,2020-11-30,0,0,0,0,0,0,1,0,0,0
ST190511,B,9,2019-06-24,NA,11,NA,NA,1,6,95,7,NA,14
ST190512,B,9,2019-06-24,1,1,NA,NA,1,NA,34,2,NA,6
ST190513,B,9,2019-06-24,2,11,NA,NA,NA,1,63,7,NA,10
ST190514,B,9,2019-06-24,NA,NA,NA,NA,NA,1,23,2,NA,4
ST190515,B,9,2019-06-24,2,1,NA,NA,NA,NA,39,2,NA,4
ST190551,B,9,2019-07-01,0,4,0,0,2,5,30,8,0,12
ST190552,B,9,2019-07-01,1,7,0,0,0,1,18,5,0,4
ST190553,B,9,2019-07-01,3,9,0,0,1,6,48,15,0,6
ST190554,B,9,2019-07-01,1,0,0,0,1,0,14,6,0,3
ST190555,B,9,2019-07-01,0,1,0,0,0,0,18,1,0,12
ST190591,B,9,2019-07-08,3,18,0,0,3,0,22,14,0,9
ST190592,B,9,2019-07-08,0,2,0,0,3,0,18,17,0,33
ST190593,B,9,2019-07-08,5,6,0,0,4,2,31,9,0,61
ST190594,B,9,2019-07-08,1,6,0,0,0,12,39,12,0,25
ST190595,B,9,2019-07-08,2,2,0,0,2,3,29,2,0,34
ST190631,B,9,2019-07-15,5,8,2,0,1,0,11,10,0,28
ST190632,B,9,2019-07-15,1,5,1,0,0,0,14,5,0,107
ST190633,B,9,2019-07-15,0,0,1,0,0,0,4,5,0,9
ST190634,B,9,2019-07-15,0,0,0,0,4,0,8,2,1,14
ST190635,B,9,2019-07-15,2,8,0,0,1,5,25,9,0,93
ST190671,B,9,2019-07-22,0,3,0,0,2,0,10,7,0,23
ST190672,B,9,2019-07-22,9,2,2,0,2,0,5,3,1,6
ST190673,B,9,2019-07-22,0,0,0,0,1,0,2,1,0,5
ST190674,B,9,2019-07-22,1,1,0,0,3,2,11,3,0,4
ST190675,B,9,2019-07-22,1,0,1,0,2,11,30,2,1,29
ST190711,B,9,2019-07-29,5,0,2,0,0,2,4,3,0,4
ST190712,B,9,2019-07-29,0,2,0,0,5,2,6,5,0,11
ST190713,B,9,2019-07-29,1,0,2,0,2,1,8,4,0,3
ST190714,B,9,2019-07-29,1,2,1,0,5,2,26,5,0,7
ST190715,B,9,2019-07-29,4,2,1,0,2,0,4,0,0,2
ST190751,B,9,2019-08-05,0,0,0,0,3,0,6,0,0,1
ST190752,B,9,2019-08-05,2,0,1,0,2,0,10,0,0,2
ST190753,B,9,2019-08-05,4,2,1,0,1,1,8,0,0,2
ST190754,B,9,2019-08-05,0,3,1,0,5,0,6,0,0,5
ST190755,B,9,2019-08-05,0,4,0,0,5,2,18,0,0,4
ST190791,B,9,2019-08-12,2,2,0,0,2,0,8,0,0,1
ST190792,B,9,2019-08-12,1,0,0,0,0,0,6,0,0,3
ST190793,B,9,2019-08-12,2,2,0,0,6,0,9,0,0,8
ST190794,B,9,2019-08-12,3,4,0,0,2,0,12,0,0,5
ST190795,B,9,2019-08-12,5,1,0,0,7,0,12,1,0,8
ST190831,B,9,2019-08-19,1,1,0,0,3,1,10,0,0,3
ST190832,B,9,2019-08-19,0,0,0,0,20,1,8,0,0,7
ST190834,B,9,2019-08-19,0,0,0,0,0,0,4,0,0,2
ST190835,B,9,2019-08-19,0,0,0,0,2,0,15,0,0,3
ST190871,B,9,2019-08-26,0,0,0,0,4,0,3,0,0,1
ST190872,B,9,2019-08-26,0,1,0,0,6,0,10,0,0,1
ST190873,B,9,2019-08-26,0,1,0,0,3,2,8,0,0,4
ST200031,B,9,2020-03-16,NA,NA,NA,NA,NA,NA,NA,NA,NA,37
ST200111,B,9,2020-03-31,2,NA,NA,NA,NA,NA,NA,NA,NA,NA
ST200151,B,9,2020-04-06,2,NA,NA,NA,NA,NA,NA,NA,NA,NA
ST200232,B,9,2020-04-20,1,NA,NA,NA,NA,NA,NA,NA,NA,NA
ST200233,B,9,2020-04-20,2,NA,NA,NA,NA,NA,NA,NA,NA,NA
ST200234,B,9,2020-04-20,1,NA,NA,NA,NA,NA,NA,NA,NA,NA
ST200235,B,9,2020-04-20,1,NA,NA,NA,NA,NA,1,NA,NA,NA
ST200271,B,9,2020-04-28,1,NA,NA,NA,NA,NA,1,NA,NA,1
ST200272,B,9,2020-04-28,1,NA,NA,NA,NA,NA,2,NA,NA,NA
ST200273,B,9,2020-04-28,2,1,NA,NA,NA,NA,NA,NA,NA,NA
ST200274,B,9,2020-04-28,2,NA,NA,NA,NA,NA,1,NA,NA,NA
ST200275,B,9,2020-04-28,1,NA,NA,NA,NA,NA,1,NA,NA,NA
ST200312,B,9,2020-05-04,1,NA,NA,NA,NA,NA,9,NA,NA,NA
ST200313,B,9,2020-05-04,1,NA,NA,NA,NA,NA,1,NA,NA,NA
ST200314,B,9,2020-05-04,NA,NA,NA,NA,NA,NA,2,NA,NA,NA
ST200315,B,9,2020-05-04,NA,NA,NA,NA,NA,NA,1,NA,NA,2
ST200351,B,9,2020-05-12,NA,NA,NA,NA,NA,NA,3,NA,NA,NA
ST200352,B,9,2020-05-12,NA,NA,NA,NA,NA,NA,1,NA,NA,NA
ST200353,B,9,2020-05-12,1,NA,NA,NA,NA,NA,NA,1,NA,NA
ST200355,B,9,2020-05-12,NA,NA,NA,NA,NA,NA,2,NA,NA,NA
ST200391,B,9,2020-05-18,NA,NA,NA,NA,NA,NA,NA,NA,NA,1
ST200392,B,9,2020-05-18,NA,NA,NA,NA,NA,NA,10,NA,NA,1
ST200394,B,9,2020-05-18,1,NA,NA,NA,NA,NA,11,1,NA,NA
ST200395,B,9,2020-05-18,1,NA,NA,NA,NA,1,10,1,NA,2
ST200431,B,9,2020-05-26,4,1,NA,NA,1,1,33,4,NA,4
ST200432,B,9,2020-05-26,5,1,NA,NA,NA,NA,38,3,NA,5
ST200433,B,9,2020-05-26,3,1,NA,NA,NA,1,25,2,NA,8
ST200434,B,9,2020-05-26,2,7,NA,NA,NA,1,21,5,NA,13
ST200435,B,9,2020-05-26,3,11,NA,NA,NA,NA,17,NA,NA,18
ST200471,B,9,2020-06-01,2,3,NA,NA,NA,3,20,12,NA,9
ST200472,B,9,2020-06-01,NA,3,NA,NA,NA,2,23,2,NA,11
ST200473,B,9,2020-06-01,2,7,NA,NA,2,1,17,3,NA,15
ST200474,B,9,2020-06-01,NA,1,NA,NA,NA,1,45,1,NA,10
ST200475,B,9,2020-06-01,2,NA,NA,NA,NA,NA,30,2,NA,10
ST200511,B,9,2020-06-08,6,12,NA,NA,1,NA,29,4,NA,3
ST200512,B,9,2020-06-08,4,1,NA,NA,NA,NA,31,4,NA,3
ST200513,B,9,2020-06-08,2,NA,NA,NA,NA,NA,9,4,NA,3
ST200514,B,9,2020-06-08,1,1,1,NA,NA,NA,26,4,NA,6
ST200515,B,9,2020-06-08,NA,NA,NA,NA,NA,NA,NA,1,NA,1
ST200551,B,9,2020-06-15,3,NA,NA,NA,NA,NA,34,7,NA,9
ST200552,B,9,2020-06-15,3,6,NA,NA,NA,NA,51,6,NA,3
ST200553,B,9,2020-06-15,3,19,NA,NA,NA,1,31,4,1,1
ST200554,B,9,2020-06-15,2,2,NA,NA,NA,1,35,5,NA,7
ST200555,B,9,2020-06-15,NA,1,NA,NA,NA,NA,26,5,NA,6
ST200591,B,9,2020-06-22,3,4,NA,NA,3,1,57,12,NA,6
ST200592,B,9,2020-06-22,2,27,2,NA,4,NA,78,23,NA,5
ST200593,B,9,2020-06-22,1,3,1,NA,5,1,42,6,NA,5
ST200594,B,9,2020-06-22,3,3,NA,NA,4,1,43,14,NA,6
ST200595,B,9,2020-06-22,4,22,NA,NA,2,NA,16,16,NA,4
ST200631,B,9,2020-06-29,4,25,NA,NA,NA,NA,8,10,NA,3
ST200632,B,9,2020-06-29,3,5,NA,NA,3,3,26,13,NA,7
ST200633,B,9,2020-06-29,NA,NA,NA,NA,NA,1,9,NA,NA,2
ST200634,B,9,2020-06-29,3,17,NA,NA,1,6,13,2,NA,5
ST200635,B,9,2020-06-29,2,4,NA,NA,1,4,14,6,NA,2
ST200671,B,9,2020-07-06,5,1,NA,NA,2,4,13,10,1,19
ST200672,B,9,2020-07-06,2,1,1,NA,2,1,10,6,NA,5
ST200673,B,9,2020-07-06,2,3,1,NA,1,NA,7,7,NA,4
ST200674,B,9,2020-07-06,5,1,NA,NA,5,NA,17,10,NA,8
ST200675,B,9,2020-07-06,1,2,NA,NA,1,NA,6,5,NA,13
ST200711,B,9,2020-07-13,3,2,NA,NA,1,1,12,6,NA,8
ST200712,B,9,2020-07-13,2,4,NA,NA,1,1,16,16,NA,8
ST200714,B,9,2020-07-13,1,1,NA,NA,4,1,19,10,NA,5
ST200715,B,9,2020-07-13,NA,NA,NA,NA,NA,NA,NA,NA,NA,2
ST200751,B,9,2020-07-20,1,3,NA,NA,2,NA,15,7,NA,10
ST200752,B,9,2020-07-20,1,NA,NA,NA,2,NA,11,7,1,4
ST200753,B,9,2020-07-20,NA,5,NA,NA,3,1,17,10,NA,8
ST200754,B,9,2020-07-20,NA,2,NA,NA,8,NA,21,8,NA,13
ST200755,B,9,2020-07-20,3,5,NA,NA,1,NA,8,5,1,8
ST200791,B,9,2020-07-27,2,2,2,NA,4,1,13,5,NA,5
ST200792,B,9,2020-07-27,1,3,NA,NA,1,NA,12,13,NA,4
ST200793,B,9,2020-07-27,6,NA,NA,NA,NA,NA,16,4,NA,5
ST200794,B,9,2020-07-27,8,4,1,NA,4,3,5,7,NA,4
ST200795,B,9,2020-07-27,7,1,1,NA,NA,2,7,1,NA,6
ST200831,B,9,2020-08-03,1,4,1,NA,1,4,18,6,NA,9
ST200832,B,9,2020-08-03,3,3,NA,NA,2,2,15,7,NA,6
ST200833,B,9,2020-08-03,15,1,NA,NA,NA,1,13,4,NA,18
ST200834,B,9,2020-08-03,3,3,1,NA,NA,NA,5,8,NA,7
ST200835,B,9,2020-08-03,1,2,NA,NA,NA,2,11,9,NA,8
ST200871,B,9,2020-08-10,NA,NA,1,NA,2,1,18,4,1,5
ST200872,B,9,2020-08-10,1,1,NA,NA,1,1,9,10,NA,4
ST200873,B,9,2020-08-10,1,NA,1,NA,6,1,5,8,NA,9
ST200874,B,9,2020-08-10,NA,3,1,NA,4,NA,8,4,NA,4
ST200875,B,9,2020-08-10,NA,2,NA,NA,6,NA,22,5,NA,8
ST200911,B,9,2020-08-17,0,4,0,0,2,0,9,4,0,25
ST200912,B,9,2020-08-17,1,1,0,0,1,0,9,1,0,21
ST200913,B,9,2020-08-17,1,3,0,0,4,3,9,1,0,6
ST200914,B,9,2020-08-17,2,5,0,0,0,2,8,5,0,10
ST200915,B,9,2020-08-17,3,2,1,0,0,0,13,0,0,17
ST200951,B,9,2020-08-24,0,1,0,0,0,0,14,0,0,18
ST200952,B,9,2020-08-24,1,4,0,0,0,0,19,1,0,9
ST200953,B,9,2020-08-24,0,0,0,0,1,0,6,14,0,11
ST200954,B,9,2020-08-24,1,3,0,0,1,3,8,10,0,14
ST200955,B,9,2020-08-24,0,3,1,0,0,0,15,4,0,20
ST200991,B,9,2020-08-31,0,0,1,0,1,1,11,2,0,5
ST200992,B,9,2020-08-31,0,2,0,0,1,1,8,5,0,9
ST200993,B,9,2020-08-31,0,0,0,0,0,0,2,3,0,4
ST200994,B,9,2020-08-31,0,0,0,0,0,0,0,0,0,0
ST200995,B,9,2020-08-31,4,0,2,0,4,0,11,1,0,11
ST201031,B,9,2020-09-08,0,1,0,0,0,0,19,7,0,6
ST201032,B,9,2020-09-08,1,0,0,0,0,0,8,0,0,8
ST201033,B,9,2020-09-08,0,2,0,0,1,3,15,5,0,11
ST201034,B,9,2020-09-08,2,1,0,0,1,0,20,2,0,6
ST201035,B,9,2020-09-08,0,1,0,0,2,0,17,0,0,13
ST201071,B,9,2020-09-14,1,1,0,0,0,0,11,0,0,5
ST201072,B,9,2020-09-14,0,1,0,0,0,0,5,2,0,3
ST201073,B,9,2020-09-14,0,0,0,0,0,0,4,1,1,6
ST201074,B,9,2020-09-14,0,1,1,0,0,0,9,8,0,6
ST201075,B,9,2020-09-14,0,0,1,0,2,0,12,3,0,3
ST201111,B,9,2020-09-21,1,1,0,0,1,0,20,1,0,1
ST201112,B,9,2020-09-21,0,0,0,0,2,0,17,1,0,1
ST201113,B,9,2020-09-21,1,0,0,0,1,0,7,2,1,2
ST201114,B,9,2020-09-21,1,1,1,0,0,0,8,4,0,3
ST201115,B,9,2020-09-21,0,2,0,0,0,0,9,2,0,1
ST201151,B,9,2020-09-28,4,1,0,0,2,0,20,7,0,10
ST201152,B,9,2020-09-28,3,0,0,0,0,0,11,11,0,11
ST201153,B,9,2020-09-28,0,0,0,0,2,1,23,2,0,7
ST201154,B,9,2020-09-28,1,2,0,0,0,0,10,8,0,13
ST201155,B,9,2020-09-28,0,0,0,0,0,2,2,4,0,2
ST201191,B,9,2020-10-05,1,0,0,0,0,1,6,0,0,1
ST201192,B,9,2020-10-05,0,0,0,0,0,0,4,0,0,0
ST201193,B,9,2020-10-05,0,0,0,0,0,0,3,2,0,3
ST201194,B,9,2020-10-05,5,0,0,0,0,0,2,0,0,2
ST201195,B,9,2020-10-05,0,0,0,0,0,0,10,7,0,5
ST201231,B,9,2020-10-12,0,0,0,0,0,1,16,6,0,8
ST201232,B,9,2020-10-12,0,0,0,0,1,0,7,1,0,0
ST201233,B,9,2020-10-12,1,0,0,0,0,2,3,1,0,2
ST201234,B,9,2020-10-12,0,0,0,0,0,0,5,2,0,1
ST201235,B,9,2020-10-12,0,0,0,0,0,0,0,1,0,1
ST201271,B,9,2020-10-19,0,0,0,0,0,1,3,1,0,0
ST201272,B,9,2020-10-19,0,0,0,0,0,0,4,0,0,2
ST201273,B,9,2020-10-19,0,0,0,0,1,0,7,0,0,1
ST201274,B,9,2020-10-19,1,0,0,0,0,0,5,1,0,0
ST201275,B,9,2020-10-19,1,0,0,0,1,0,2,0,0,0
ST201311,B,9,2020-10-26,1,0,0,0,0,0,2,1,0,1
ST201312,B,9,2020-10-26,6,0,0,0,0,0,14,0,0,4
ST201313,B,9,2020-10-26,1,0,0,0,0,0,8,1,0,3
ST201314,B,9,2020-10-26,6,0,0,0,0,0,12,0,0,0
ST201315,B,9,2020-10-26,0,0,0,0,0,0,7,0,0,0
ST201351,B,9,2020-11-02,0,0,0,0,0,0,2,0,0,0
ST201352,B,9,2020-11-02,0,0,0,0,0,0,0,0,0,0
ST201353,B,9,2020-11-02,0,0,0,0,0,0,3,0,0,0
ST201354,B,9,2020-11-02,0,0,0,0,0,0,1,0,0,0
ST201355,B,9,2020-11-02,0,0,0,0,0,0,2,0,0,0
ST201391,B,9,2020-11-09,0,0,0,0,0,0,5,0,0,0
ST201431,B,9,2020-11-16,1,0,0,0,0,0,1,0,0,0
ST201471,B,9,2020-11-22,0,0,0,0,0,0,1,0,0,0
ST201511,B,9,2020-11-30,0,0,0,0,0,0,0,0,0,0
